{
    "name": "Toro_60hs",
    "vendorId": "0x9999",
    "productId": "0x0002",
    "matrix": {
        "rows": 5,
        "cols": 15
    },
    "layouts": {
        "labels": [
            "Split Backspace",
            "Split L_shift"
        ],
        "keymap": [
          [
            "0,0",
            "0,1",
            "0,2",
            "0,3",
            "0,4",
            "0,5",
            "0,6",
            "0,7",
            "0,8",
            "0,9",
            "0,10",
            "0,11",
            "0,12",
            {
              "w": 2
            },
            "0,13\n\n\n0,0",
            {
              "x": 0.5
            },
            "0,13\n\n\n0,1",
            "0,14\n\n\n0,1"
          ],
          [
            {
              "w": 1.5
            },
            "1,0",
            "1,1",
            "1,2",
            "1,3",
            "1,4",
            "1,5",
            "1,6",
            "1,7",
            "1,8",
            "1,9",
            "1,10",
            "1,11",
            "1,12",
            {
              "w": 1.5
            },
            "1,13\n\n\n0,0"
          ],
          [
            {
              "w": 1.75
            },
            "2,0",
            "2,1",
            "2,2",
            "2,3",
            "2,4",
            "2,5",
            "2,6",
            "2,7",
            "2,8",
            "2,9",
            "2,10",
            "2,11",
            {
              "w": 2.25
            },
            "2,13\n\n\n0,0"
          ],
          [
            {
              "w": 2.25
            },
            "3,0\n\n\n1,0",
            "3,2",
            "3,3",
            "3,4",
            "3,5",
            "3,6",
            "3,7",
            "3,8",
            "3,9",
            "3,10",
            "3,11",
            {
              "w": 1.75
            },
            "3,12",
            "3,13"
          ],
          [
            {
              "w": 1.25
            },
            "4,0",
            {
              "x": 0.3999999999999999,
              "w": 1.25
            },
            "4,1",
            {
              "w": 1.25
            },
            "4,2",
            {
              "x": 6.699999999999999,
              "w": 1.25
            },
            "4,11",
            {
              "w": 1.25
            },
            "4,12",
            {
              "x": 0.40000000000000036,
              "w": 1.25
            },
            "4,13"
          ],
          [
            {
              "y": -0.7999999999999998,
              "x": 4.38,
              "w": 6.25
            },
            "4,6"
          ],
          [
            {
              "y": 0.2999999999999998,
              "w": 1.25
            },
            "3,0\n\n\n1,1",
            "3,1\n\n\n1,1"
          ]
        ]
    }
}
